{"data":[{"x":[-10.0,-9.310344827586206,-8.620689655172413,-7.931034482758621,-7.241379310344827,-6.551724137931034,-5.862068965517241,-5.172413793103448,-4.482758620689655,-3.793103448275861,-3.1034482758620685,-2.413793103448276,-1.7241379310344822,-1.0344827586206886,-0.3448275862068968,0.3448275862068968,1.0344827586206904,1.724137931034484,2.4137931034482776,3.1034482758620694,3.793103448275863,4.482758620689657,5.172413793103448,5.862068965517242,6.551724137931036,7.241379310344829,7.931034482758623,8.620689655172416,9.310344827586206,10.0],"y":[-10.0,-9.310344827586206,-8.620689655172413,-7.931034482758621,-7.241379310344827,-6.551724137931034,-5.862068965517241,-5.172413793103448,-4.482758620689655,-3.793103448275861,-3.1034482758620685,-2.413793103448276,-1.7241379310344822,-1.0344827586206886,-0.3448275862068968,0.3448275862068968,1.0344827586206904,1.724137931034484,2.4137931034482776,3.1034482758620694,3.793103448275863,4.482758620689657,5.172413793103448,5.862068965517242,6.551724137931036,7.241379310344829,7.931034482758623,8.620689655172416,9.310344827586206,10.0],"z":[[1.0335261821746826,1.0335261821746826,1.0335263013839722,1.033526062965393,1.0335261821746826,1.0335263013839722,1.033526062965393,1.0335261821746826,1.0335263013839722,1.0335261821746826,1.0335261821746826,0.9487998485565186,0.9487996101379395,0.9487994909286499,0.9487997889518738,0.9487996101379395,0.9487994313240051,0.9487995505332947,0.9487993121147156,0.9487994909286499,0.9487994313240051,0.9487996101379395,0.9487996697425842,0.9487996101379395,0.9487993717193604,0.9487996697425842,0.9487996697425842,0.9487998485565186,0.9487996101379395,0.948799729347229],[1.0335261821746826,1.0335261821746826,1.0335259437561035,1.0335259437561035,1.033526062965393,1.0335261821746826,1.0335261821746826,1.033526062965393,1.033526062965393,1.0335259437561035,0.9487994909286499,0.9487996697425842,0.9487995505332947,0.9487997889518738,0.9487994313240051,0.948799729347229,0.9487995505332947,0.948799729347229,0.9487999677658081,0.9487995505332947,0.9487994313240051,0.9487996697425842,0.9487996697425842,0.9487996101379395,0.9487995505332947,0.9487996697425842,0.9487998485565186,0.9487997889518738,0.9487994909286499,0.948799729347229],[1.0335261821746826,1.0335259437561035,1.033526062965393,1.033526062965393,1.0335263013839722,1.0335263013839722,1.0335263013839722,1.0335263013839722,1.0335259437561035,0.9487997889518738,0.9487998485565186,0.9487995505332947,0.9487997889518738,0.948799729347229,0.9487998485565186,0.9487999677658081,0.9487996101379395,0.9487996697425842,0.9487999081611633,0.9487995505332947,0.948799729347229,0.9487998485565186,0.9487995505332947,0.948799729347229,0.948799729347229,0.9487995505332947,0.9487996697425842,0.9487996697425842,0.9487996101379395,0.948799729347229],[1.033526062965393,1.033526062965393,1.033526062965393,1.0335263013839722,1.0335261821746826,1.033526062965393,1.033525824546814,1.0335261821746826,0.9487990736961365,0.9487998485565186,0.9487998485565186,0.948799729347229,0.9487994313240051,0.9487994909286499,0.9487996101379395,0.9487998485565186,0.9487993717193604,0.948799729347229,0.9487994313240051,0.9487994909286499,0.9487995505332947,0.9487999677658081,0.9487996101379395,0.9487995505332947,0.9487995505332947,0.9487996101379395,0.9487994909286499,0.9487997889518738,0.9487996697425842,0.9487996101379395],[1.033526062965393,1.0335261821746826,1.033526062965393,1.0335261821746826,1.0335261821746826,1.033525824546814,1.033526062965393,1.033526062965393,0.9487994909286499,0.9487994909286499,0.9487995505332947,0.948799729347229,0.9487997889518738,0.9487996697425842,0.948799729347229,0.9487997889518738,0.9487994313240051,0.9487996697425842,0.9487996101379395,0.9487995505332947,0.9487994909286499,0.9487995505332947,0.9487994909286499,0.9487998485565186,0.9487997889518738,0.9487998485565186,0.9487996101379395,0.9487993717193604,0.9487994909286499,0.9487998485565186],[1.0335261821746826,1.0335259437561035,1.0335261821746826,1.0335261821746826,1.0335263013839722,1.0335263013839722,1.033526062965393,0.9487996697425842,0.9487996697425842,0.9487996101379395,0.9487996101379395,0.9487996101379395,0.9487998485565186,0.9487996697425842,0.9487995505332947,0.9487996101379395,0.9487997889518738,0.9487999677658081,0.9487994909286499,0.9487996697425842,0.9487996697425842,0.9487996697425842,0.9487996697425842,0.9487998485565186,0.9487993717193604,0.9487996101379395,0.9487996101379395,0.9487999677658081,0.948799729347229,0.9487996101379395],[1.0335261821746826,1.033526062965393,1.0335263013839722,1.033526062965393,1.0335261821746826,1.033526062965393,0.9487995505332947,0.9487996101379395,0.9487996697425842,0.9487996101379395,0.9487996697425842,0.9487999677658081,0.948799729347229,0.9487994909286499,0.9487996101379395,0.9487996101379395,0.9487996697425842,0.948799729347229,0.9487994313240051,0.9487995505332947,0.9487994909286499,0.9487999677658081,0.9487996101379395,0.9487996697425842,0.9487995505332947,0.9487997889518738,0.9487995505332947,0.9487994313240051,0.9487996697425842,0.9487996101379395],[1.0335261821746826,1.033526062965393,1.0335263013839722,1.0335261821746826,1.033526062965393,1.033526062965393,0.948799729347229,0.9487997889518738,0.9487993717193604,0.9487995505332947,0.9487995505332947,0.9487998485565186,0.948799729347229,0.9487998485565186,0.9487995505332947,0.9487998485565186,0.9487995505332947,0.9487993717193604,0.9487996101379395,0.948799729347229,0.9487995505332947,0.9487994909286499,0.9487996697425842,0.9487996101379395,0.9487994909286499,0.9487999081611633,0.9487996697425842,0.9487996697425842,0.9487995505332947,0.9487996697425842],[1.0335261821746826,1.033526062965393,1.0335259437561035,1.0335261821746826,1.033525824546814,0.948799729347229,0.9487994313240051,0.9487996697425842,0.9487998485565186,0.9487999081611633,0.9487997889518738,0.9487996697425842,0.948799729347229,0.9487996697425842,0.9487994313240051,0.9487998485565186,0.9487994909286499,0.9487995505332947,0.9487997889518738,0.948799729347229,0.9487996101379395,0.9487995505332947,0.9487994909286499,0.948799729347229,0.9487995505332947,0.9487994909286499,0.9487999081611633,0.9487994909286499,0.9487998485565186,0.9487994909286499],[1.033526062965393,1.0335259437561035,1.0335259437561035,1.033526062965393,1.0335259437561035,0.948799729347229,0.9487998485565186,0.9487997889518738,0.9487999081611633,0.9487994909286499,0.9487996101379395,0.9487996101379395,0.9487996101379395,0.9487994909286499,0.948799729347229,0.9487996697425842,0.9487998485565186,0.948799729347229,0.948799729347229,0.9487993717193604,0.948799729347229,0.9487998485565186,0.9487998485565186,0.9487996101379395,0.9487995505332947,0.9487996101379395,0.9487994313240051,0.9487999677658081,0.9487994313240051,0.9487996697425842],[1.0335259437561035,1.0335259437561035,1.033526062965393,1.0335261821746826,0.948799729347229,0.9487996101379395,0.9487996101379395,0.9487996101379395,0.9487997889518738,0.9487996101379395,0.9487998485565186,0.948799729347229,0.9487996101379395,0.9487993717193604,0.9487993717193604,0.9487994909286499,0.9487995505332947,0.9487995505332947,0.9487998485565186,0.9487996697425842,0.9487996101379395,0.9487994909286499,0.9487996697425842,0.9487996101379395,0.9487996697425842,0.9487997889518738,0.9487996697425842,0.9487997889518738,0.9487996101379395,0.9487993121147156],[1.0335261821746826,1.0335259437561035,1.033525824546814,0.9487996697425842,0.9487996101379395,0.948799729347229,0.948799729347229,0.9487995505332947,0.9487995505332947,0.9487996697425842,0.9487999081611633,0.9487996101379395,0.9487994909286499,0.9487996697425842,0.9487993717193604,0.9487994909286499,0.948799729347229,0.9487995505332947,0.948799729347229,0.9487997889518738,0.9487996697425842,0.9487995505332947,0.9487994313240051,0.9487995505332947,0.9487993717193604,0.9487998485565186,0.9487996697425842,0.9487994313240051,0.948799729347229,0.948799729347229],[1.0335261821746826,1.0335263013839722,1.0335263013839722,0.9487999081611633,0.9487996101379395,