{"data":[{"x":[-10.0,-9.310344827586206,-8.620689655172413,-7.931034482758621,-7.241379310344827,-6.551724137931034,-5.862068965517241,-5.172413793103448,-4.482758620689655,-3.793103448275861,-3.1034482758620685,-2.413793103448276,-1.7241379310344822,-1.0344827586206886,-0.3448275862068968,0.3448275862068968,1.0344827586206904,1.724137931034484,2.4137931034482776,3.1034482758620694,3.793103448275863,4.482758620689657,5.172413793103448,5.862068965517242,6.551724137931036,7.241379310344829,7.931034482758623,8.620689655172416,9.310344827586206,10.0],"y":[-10.0,-9.310344827586206,-8.620689655172413,-7.931034482758621,-7.241379310344827,-6.551724137931034,-5.862068965517241,-5.172413793103448,-4.482758620689655,-3.793103448275861,-3.1034482758620685,-2.413793103448276,-1.7241379310344822,-1.0344827586206886,-0.3448275862068968,0.3448275862068968,1.0344827586206904,1.724137931034484,2.4137931034482776,3.1034482758620694,3.793103448275863,4.482758620689657,5.172413793103448,5.862068965517242,6.551724137931036,7.241379310344829,7.931034482758623,8.620689655172416,9.310344827586206,10.0],"z":[[0.7314063310623169,0.7314062714576721,0.7314064502716064,0.7314063310623169,0.731406569480896,0.7314064502716064,0.7314062714576721,0.7314065098762512,0.7314066290855408,0.7314066290855408,0.7314066886901855,0.7314064502716064,0.7314065098762512,0.7314064502716064,0.7314064502716064,0.7314064502716064,0.7314064502716064,0.731406569480896,0.7314066886901855,0.7314064502716064,0.731406569480896,0.7314064502716064,0.7314064502716064,0.7314065098762512,0.7314064502716064,0.7314063310623169,0.7314062714576721,0.7314063310623169,0.7314061522483826,0.7314062118530273],[0.7314062714576721,0.7314064502716064,0.731406569480896,0.7314063906669617,0.731406569480896,0.7314066290855408,0.731406569480896,0.7314064502716064,0.7314063906669617,0.7314068078994751,0.7314065098762512,0.7314063906669617,0.7314063310623169,0.731406569480896,0.7314066886901855,0.7314065098762512,0.7314065098762512,0.7314066290855408,0.7314064502716064,0.7314065098762512,0.7314065098762512,0.7314063310623169,0.731406569480896,0.7314063906669617,0.7314064502716064,0.7314062714576721,0.7314063906669617,0.7314064502716064,0.731406569480896,0.7314063906669617],[0.7314062714576721,0.7314063310623169,0.7314063906669617,0.7314064502716064,0.7314062714576721,0.7314064502716064,0.731406569480896,0.7314064502716064,0.7314066290855408,0.7314068078994751,0.731406569480896,0.731406569480896,0.7314063906669617,0.7314065098762512,0.731406569480896,0.7314064502716064,0.7314065098762512,0.7314066290855408,0.7314065098762512,0.7314064502716064,0.731406569480896,0.7314064502716064,0.7314063906669617,0.731406569480896,0.7314063906669617,0.7314064502716064,0.7314064502716064,0.7314063906669617,0.7314062714576721,0.7314063906669617],[0.7314063906669617,0.7314063906669617,0.7314063310623169,0.7314063906669617,0.7314062714576721,0.7314063906669617,0.7314065098762512,0.731406569480896,0.7314065098762512,0.7314064502716064,0.7314065098762512,0.731406569480896,0.7314066886901855,0.7314063906669617,0.731406569480896,0.7314065098762512,0.731406569480896,0.7314065098762512,0.7314063906669617,0.731406569480896,0.7314063906669617,0.7314062714576721,0.7314063906669617,0.7314065098762512,0.7314065098762512,0.7314064502716064,0.7314063906669617,0.7314062118530273,0.7314063906669617,0.7314061522483826],[0.7314062714576721,0.7314062118530273,0.7314063310623169,0.731406033039093,0.7314064502716064,0.7314062714576721,0.7314064502716064,0.7314063906669617,0.7314064502716064,0.7314063906669617,0.731406569480896,0.7314063310623169,0.7314063906669617,0.731406569480896,0.7314064502716064,0.7314066290855408,0.7314064502716064,0.7314063310623169,0.7314065098762512,0.7314065098762512,0.7314064502716064,0.7314063906669617,0.7314063906669617,0.7314063906669617,0.7314063906669617,0.7314063906669617,0.7314063906669617,0.7314062714576721,0.7314065098762512,0.7314065098762512],[0.7314062118530273,0.7314063310623169,0.7314063310623169,0.7314062118530273,0.7314063310623169,0.7314063906669617,0.7314064502716064,0.7314064502716064,0.7314063310623169,0.7314067482948303,0.731406569480896,0.7314064502716064,0.7314065098762512,0.7314066290855408,0.7314063906669617,0.7314063906669617,0.7314063906669617,0.7314063310623169,0.7314065098762512,0.7314063906669617,0.7314063906669617,0.7314064502716064,0.7314062714576721,0.731406569480896,0.7314063310623169,0.7314063310623169,0.7314062714576721,0.7314062118530273,0.7314064502716064,0.7314063310623169],[0.7314063310623169,0.7314060926437378,0.7314061522483826,0.7314062714576721,0.7314063310623169,0.7314064502716064,0.7314062118530273,0.7314062714576721,0.7314063310623169,0.7314063906669617,0.7314065098762512,0.7314063310623169,0.7314064502716064,0.7314065098762512,0.7314063310623169,0.7314063906669617,0.7314064502716064,0.7314064502716064,0.731406569480896,0.7314063906669617,0.7314065098762512,0.7314063310623169,0.7314064502716064,0.7314064502716064,0.7314063906669617,0.7314064502716064,0.7314062714576721,0.7314063310623169,0.7314063310623169,0.7314062118530273],[0.7314062714576721,0.7314062714576721,0.7314062714576721,0.731406033039093,0.7314062714576721,0.7314061522483826,0.7314062118530273,0.7314063310623169,0.7314063310623169,0.7314062118530273,0.7314063310623169,0.731406569480896,0.7314065098762512,0.7314063906669617,0.7314065098762512,0.7314067482948303,0.731406569480896,0.7314063310623169,0.7314064502716064,0.7314065098762512,0.7314063906669617,0.7314064502716064,0.7314063906669617,0.7314064502716064,0.7314064502716064,0.731406569480896,0.7314063906669617,0.7314062714576721,0.7314065098762512,0.7314063906669617],[0.7314062714576721,0.7314063310623169,0.7314064502716064,0.7314063310623169,0.7314061522483826,0.7314062118530273,0.7314061522483826,0.7314061522483826,0.7314063906669617,0.7314063906669617,0.7314062714576721,0.7314063310623169,0.7314064502716064,0.7314064502716064,0.7314064502716064,0.7314062714576721,0.731406569480896,0.7314063310623169,0.7314063906669617,0.7314064502716064,0.7314063906669617,0.7314063310623169,0.7314063906669617,0.7314063310623169,0.7314064502716064,0.7314063310623169,0.7314062118530273,0.7314063906669617,0.7314065098762512,0.7314065098762512],[0.7314060926437378,0.7314061522483826,0.7314060926437378,0.7314060926437378,0.7314062714576721,0.7314061522483826,0.7314060926437378,0.7314063310623169,0.7314063310623169,0.7314064502716064,0.7314062714576721,0.731406569480896,0.7314063310623169,0.7314064502716064,0.731406569480896,0.7314063906669617,0.7314064502716064,0.7314064502716064,0.7314066290855408,0.7314065098762512,0.731406569480896,0.7314064502716064,0.7314065098762512,0.7314065098762512,0.7314065098762512,0.7314063906669617,0.7314064502716064,0.731406569480896,0.7314064502716064,0.7314063310623169],[0.7314062714576721,0.7314063906669617,0.7314060926437378,0.7314061522483826,0.7314060926437378,0.7314062714576721,0.7314060926437378,0.7314061522483826,0.7314062714576721,0.7314063310623169,0.7314063906669617,0.7314062714576721,0.7314064502716064,0.7314064502716064,0.7314064502716064,0.731406569480896,0.7314065098762512,0.7314064502716064,0.7314064502716064,0.7314064502716064,0.7314066886901855,0.7314064502716064,0.7314065098762512,0.7314066290855408,0.7314063310623169,0.7314065098762512,0.7314066290855408,0.7314066290855408,0.7314064502716064,0.731406569480896],[0.7314063906669617,0.7314064502716064,0.7314061522483826,0.7314061522483826,0.7314062118530273,0.7314064502716064,0.7314063310623169,0.7314063310623169,0.7314063906669617,0.7314062118530273,0.7314063310623169,0.7314063310623169,0.7314063310623169,0.7314063310623169,0.731406569480896,0.731406569480896,0.731406569480896,0.7314064502716064,0.7314064502716064,0.7314066290855408,0.731406569480896,0.7314063310623169,0.7314063906669617,0.7314063906669617,0.7314064502716064,0.7314065098762512,0.7314063310623169,0.731406569480896,0.7314064502716064,0.7314063310623169],[0.7314064502716064,0.7314063906669617,0.7314063906669617,0.7314063310623169,